post_title,datetime,sentiment_scores,sentiment,topic
Andrew Giles released four people from immigration detention without strictest conditions,2024-06-24T15:00:42Z,-0.3612,negative,key individuals
Andrew Giles released four people from immigration detention without strictest conditions,2024-06-24T15:00:42Z,-0.3612,negative,immigration policy
Andrew Giles released four people from immigration detention without strictest conditions,2024-06-24T15:00:42Z,-0.3612,negative,detention policy
Australia’s immigration minister suppresses details about electronic monitoring of former detainees,2024-05-07T15:00:20Z,0.0,neutral,migration policy suppresses details
Immigration minister re-cancels visa of alleged murderer released after AAT ruling,2024-05-28T08:07:50Z,-0.6808,negative,visa policy
Immigration minister re-cancels visa of alleged murderer released after AAT ruling,2024-05-28T08:07:50Z,-0.6808,negative,legal issues
"Boost drug search powers, make immigration detention ‘last resort’, watchdog says",2024-04-21T20:00:05Z,0.0516,negative,customs
"Boost drug search powers, make immigration detention ‘last resort’, watchdog says",2024-04-21T20:00:05Z,0.0516,negative,immigration policy
"Boost drug search powers, make immigration detention ‘last resort’, watchdog says",2024-04-21T20:00:05Z,0.0516,negative,legal issues
"Dutton’s plan to cut immigration would cost Australia’s economy ‘billions’, treasurer says",2024-05-19T04:07:13Z,-0.1531,negative,government policy
"Dutton’s plan to cut immigration would cost Australia’s economy ‘billions’, treasurer says",2024-05-19T04:07:13Z,-0.1531,negative,economy
Immigration debate continues – as it happened,2023-11-30T07:02:24Z,0.0,neutral,migration policy
Andrew Giles backs away from claim drones being used to track released immigration detainees,2024-06-03T05:43:55Z,-0.0516,negative,key individuals
Andrew Giles backs away from claim drones being used to track released immigration detainees,2024-06-03T05:43:55Z,-0.0516,negative,controversies
Andrew Giles backs away from claim drones being used to track released immigration detainees,2024-06-03T05:43:55Z,-0.0516,negative,immigration detainees
"Drones used to track immigration detainees released after high court decision, Andrew Giles reveals",2024-05-30T05:14:19Z,0.0,neutral,detention policy
"Drones used to track immigration detainees released after high court decision, Andrew Giles reveals",2024-05-30T05:14:19Z,0.0,neutral,government policy
Minister was warned of ‘increased’ legal risks of immigration detention in 2022,2024-04-11T15:00:28Z,-0.6369,negative,legal issues
Minister was warned of ‘increased’ legal risks of immigration detention in 2022,2024-04-11T15:00:28Z,-0.6369,negative,immigration policy
Refugee Sayed Abdellatif freed after almost 12 years in Australian immigration detention,2024-04-09T06:49:31Z,0.0516,negative,australian immigration policy
Operation Zufolo: Australia deployed a ‘charade’ to sustain indefinite immigration detention – it failed,2024-04-27T00:00:20Z,-0.7003,negative,government policy
Operation Zufolo: Australia deployed a ‘charade’ to sustain indefinite immigration detention – it failed,2024-04-27T00:00:20Z,-0.7003,negative,indefinite immigration policy
"Secret Serco rating system for immigration detainees must be scrapped, say Greens",2024-03-14T14:00:25Z,0.0,neutral,controversies
"Secret Serco rating system for immigration detainees must be scrapped, say Greens",2024-03-14T14:00:25Z,0.0,neutral,immigration detainees
Flawed immigration detention risk assessment tool can’t be upgraded as ABF data ‘riddled with errors’,2024-05-10T00:00:24Z,-0.7717,negative,migration policy
Flawed immigration detention risk assessment tool can’t be upgraded as ABF data ‘riddled with errors’,2024-05-10T00:00:24Z,-0.7717,negative,government policy
Australian immigration detainees’ lives controlled by secret rating system developed by Serco,2024-03-12T19:04:49Z,0.0,neutral,detention policy
Revealed: the secret algorithm that controls the lives of Serco’s immigration detainees,2024-03-12T19:00:00Z,0.0,neutral,secret algorithm
Revealed: the secret algorithm that controls the lives of Serco’s immigration detainees,2024-03-12T19:00:00Z,0.0,neutral,detention policy
Immigration minister Andrew Giles seeking ‘urgent advice’ about re-cancelling visa of man accused of murder,2024-05-23T07:13:51Z,-0.7845,negative,key individuals
Immigration minister Andrew Giles seeking ‘urgent advice’ about re-cancelling visa of man accused of murder,2024-05-23T07:13:51Z,-0.7845,negative,government policy
Dan Tehan condemns ‘big Australia’ policy but won’t reveal Coalition’s immigration plan,2024-03-03T02:30:59Z,-0.2846,negative,key individuals
Dan Tehan condemns ‘big Australia’ policy but won’t reveal Coalition’s immigration plan,2024-03-03T02:30:59Z,-0.2846,negative,government policy
Dan Tehan condemns ‘big Australia’ policy but won’t reveal Coalition’s immigration plan,2024-03-03T02:30:59Z,-0.2846,negative,government policy
News Corp quotes anti-immigration TikToker but fails to reveal ex-One Nation MP adviser role ,2024-05-04T00:00:27Z,-0.5719,negative,news
News Corp quotes anti-immigration TikToker but fails to reveal ex-One Nation MP adviser role ,2024-05-04T00:00:27Z,-0.5719,negative,general information
News Corp quotes anti-immigration TikToker but fails to reveal ex-One Nation MP adviser role ,2024-05-04T00:00:27Z,-0.5719,negative,key individuals
 Labor’s ‘draconian’ immigration detention conditions challenged in high court ,2023-11-22T06:45:07Z,-0.4404,negative,migration policy
 Labor’s ‘draconian’ immigration detention conditions challenged in high court ,2023-11-22T06:45:07Z,-0.4404,negative,high court
Freed immigration detainee sues Australian government for damages for alleged false imprisonment,2024-01-15T14:00:32Z,-0.0516,negative,legal issues
Freed immigration detainee sues Australian government for damages for alleged false imprisonment,2024-01-15T14:00:32Z,-0.0516,negative,legal issues
More than 170 immigration detainees could be freed if Australian government loses high court challenge,2024-03-19T14:00:39Z,0.1779,negative,immigration detainees
More than 170 immigration detainees could be freed if Australian government loses high court challenge,2024-03-19T14:00:39Z,0.1779,negative,australian government
More than 170 immigration detainees could be freed if Australian government loses high court challenge,2024-03-19T14:00:39Z,0.1779,negative,legal issues
Hundreds more immigration detainees could be released in sequel to NZYQ high court ruling,2024-02-15T14:00:18Z,0.0,neutral,immigration detainees
Hundreds more immigration detainees could be released in sequel to NZYQ high court ruling,2024-02-15T14:00:18Z,0.0,neutral,migration policy
Andrew Giles faces years of litigation as he fights to prevent another disastrous defeat on immigration | Paul Karp,2024-03-31T14:00:42Z,-0.8834,negative,key individuals
Andrew Giles faces years of litigation as he fights to prevent another disastrous defeat on immigration | Paul Karp,2024-03-31T14:00:42Z,-0.8834,negative,controversies
Andrew Giles faces years of litigation as he fights to prevent another disastrous defeat on immigration | Paul Karp,2024-03-31T14:00:42Z,-0.8834,negative,key individuals
"Australia’s immigration spike not necessarily driving up housing prices, experts say",2023-12-11T14:00:38Z,0.0,neutral,migration policy
"Australia’s immigration spike not necessarily driving up housing prices, experts say",2023-12-11T14:00:38Z,0.0,neutral,economy
Fifth immigration detainee arrested after release due to high court ruling,2023-12-07T03:48:26Z,-0.4767,negative,immigration detainee
Fifth immigration detainee arrested after release due to high court ruling,2023-12-07T03:48:26Z,-0.4767,negative,immigration policy
Sixth former immigration detainee arrested in Melbourne for allegedly breaking curfew,2023-12-09T01:51:42Z,-0.4767,negative,immigration detainee
Peter Dutton doubles down on immigration attacks despite Victoria police clearing detainee of assault charges,2024-03-01T03:28:51Z,-0.8316,negative,key individuals doubles
Peter Dutton doubles down on immigration attacks despite Victoria police clearing detainee of assault charges,2024-03-01T03:28:51Z,-0.8316,negative,immigration policy
Peter Dutton doubles down on immigration attacks despite Victoria police clearing detainee of assault charges,2024-03-01T03:28:51Z,-0.8316,negative,key individuals
Peter Dutton doubles down on immigration attacks despite Victoria police clearing detainee of assault charges,2024-03-01T03:28:51Z,-0.8316,negative,legal issues
Two immigration detainees charged after release due to high court ruling,2023-12-04T08:35:14Z,-0.2023,negative,immigration detainees
Two immigration detainees charged after release due to high court ruling,2023-12-04T08:35:14Z,-0.2023,negative,immigration policy
‘Missing’ man who left immigration detention without electronic monitoring is located,2023-11-29T07:25:31Z,-0.3612,negative,immigration policy
Seven of the immigration detainees released in Australia were convicted of murder or attempted murder,2024-02-12T06:30:11Z,-0.886,negative,immigration detainees
Immigration detention explainer: how is Labor responding to the landmark high court ruling? ,2023-11-16T00:59:45Z,-0.296,negative,migration policy
Immigration detention explainer: how is Labor responding to the landmark high court ruling? ,2023-11-16T00:59:45Z,-0.296,negative,landmark immigration policy
Clare O’Neil claims she relied on verbal briefings only for prediction of high court immigration detention win,2024-03-20T22:30:13Z,0.3182,negative,key individuals
Clare O’Neil claims she relied on verbal briefings only for prediction of high court immigration detention win,2024-03-20T22:30:13Z,0.3182,negative,government policy
Clare O’Neil claims she relied on verbal briefings only for prediction of high court immigration detention win,2024-03-20T22:30:13Z,0.3182,negative,legal issues
Fourth former immigration detainee charged after release due to high court ruling,2023-12-06T06:43:01Z,-0.2023,negative,immigration detainee
Fourth former immigration detainee charged after release due to high court ruling,2023-12-06T06:43:01Z,-0.2023,negative,immigration policy
Labor’s preventive detention regime passes Senate as third freed immigration detainee arrested ,2023-12-05T08:00:12Z,-0.4404,negative,detention policy
Labor’s preventive detention regime passes Senate as third freed immigration detainee arrested ,2023-12-05T08:00:12Z,-0.4404,negative,immigration detainee
 Australia to immediately begin releasing people held in indefinite immigration detention,2023-11-09T20:40:38Z,-0.3612,negative,indefinite immigration policy
Youth curfew announced in Alice Springs; Labor’s ‘urgent’ immigration bill delayed; and the veggie chip taste test,2024-03-27T05:51:57Z,-0.2263,negative,social policy
Youth curfew announced in Alice Springs; Labor’s ‘urgent’ immigration bill delayed; and the veggie chip taste test,2024-03-27T05:51:57Z,-0.2263,negative,government policy
Youth curfew announced in Alice Springs; Labor’s ‘urgent’ immigration bill delayed; and the veggie chip taste test,2024-03-27T05:51:57Z,-0.2263,negative,urgent immigration policy
Youth curfew announced in Alice Springs; Labor’s ‘urgent’ immigration bill delayed; and the veggie chip taste test,2024-03-27T05:51:57Z,-0.2263,negative,community events
Malaysian hitman released from Australian immigration detention after high court ruling,2023-11-12T02:26:44Z,-0.3612,negative,key individuals
Malaysian hitman released from Australian immigration detention after high court ruling,2023-11-12T02:26:44Z,-0.3612,negative,australian immigration policy
Malaysian hitman released from Australian immigration detention after high court ruling,2023-11-12T02:26:44Z,-0.3612,negative,immigration policy
Indefinite immigration detention ruled unlawful in landmark Australian high court decision ,2023-11-08T07:50:42Z,-0.296,negative,indefinite immigration policy
Indefinite immigration detention ruled unlawful in landmark Australian high court decision ,2023-11-08T07:50:42Z,-0.296,negative,government policy
Labor’s emergency laws after immigration detention ruling may amount to ‘extrajudicial’ punishment,2023-11-17T14:00:13Z,-0.8074,negative,government policy
Labor’s emergency laws after immigration detention ruling may amount to ‘extrajudicial’ punishment,2023-11-17T14:00:13Z,-0.8074,negative,government policy
Labor’s emergency laws after immigration detention ruling may amount to ‘extrajudicial’ punishment,2023-11-17T14:00:13Z,-0.8074,negative,controversies
Immigration detention: Labor to rush through emergency legislation after high court ruling,2023-11-15T04:46:32Z,-0.6249,negative,migration policy
Immigration detention: Labor to rush through emergency legislation after high court ruling,2023-11-15T04:46:32Z,-0.6249,negative,government policy
Immigration detention: Labor to rush through emergency legislation after high court ruling,2023-11-15T04:46:32Z,-0.6249,negative,immigration policy
Labor blames Peter Dutton’s decisions as immigration minister for ‘mess’ of indefinite detention ,2023-11-29T06:14:02Z,-0.6369,negative,government policy
Labor blames Peter Dutton’s decisions as immigration minister for ‘mess’ of indefinite detention ,2023-11-29T06:14:02Z,-0.6369,negative,immigration policy
Labor blames Peter Dutton’s decisions as immigration minister for ‘mess’ of indefinite detention ,2023-11-29T06:14:02Z,-0.6369,negative,immigration policy
Australia’s system of indefinite immigration detention to face high court challenge,2023-10-03T23:00:26Z,-0.296,negative,migration policy
Australia’s system of indefinite immigration detention to face high court challenge,2023-10-03T23:00:26Z,-0.296,negative,indefinite immigration policy
Australia’s system of indefinite immigration detention to face high court challenge,2023-10-03T23:00:26Z,-0.296,negative,court challenge
Eighty people already freed from Australia’s immigration detention since landmark high court ruling,2023-11-12T22:17:36Z,0.128,negative,migration policy
Eighty people already freed from Australia’s immigration detention since landmark high court ruling,2023-11-12T22:17:36Z,0.128,negative,migration policy
Eighty people already freed from Australia’s immigration detention since landmark high court ruling,2023-11-12T22:17:36Z,0.128,negative,landmark immigration policy
Australia releases stateless man on ‘strict conditions’ after indefinite immigration detention ruled unlawful ,2023-11-09T04:10:29Z,-0.3612,negative,asylum policy
Australia releases stateless man on ‘strict conditions’ after indefinite immigration detention ruled unlawful ,2023-11-09T04:10:29Z,-0.3612,negative,detention policy
Australia releases stateless man on ‘strict conditions’ after indefinite immigration detention ruled unlawful ,2023-11-09T04:10:29Z,-0.3612,negative,indefinite immigration policy
Labor to enact ‘preventive detention’ regime after high court reveals reasons for immigration ruling,2023-11-28T04:23:08Z,0.0,neutral,detention policy
Labor to enact ‘preventive detention’ regime after high court reveals reasons for immigration ruling,2023-11-28T04:23:08Z,0.0,neutral,legal issues
Labor to enact ‘preventive detention’ regime after high court reveals reasons for immigration ruling,2023-11-28T04:23:08Z,0.0,neutral,immigration policy
Immigration detention: Rohingya refugee NZYQ given sex offender counselling sessions in ‘very special deal’,2023-11-24T14:00:22Z,-0.3182,negative,immigration policy rohingya refugee nzyq
Immigration detention: Rohingya refugee NZYQ given sex offender counselling sessions in ‘very special deal’,2023-11-24T14:00:22Z,-0.3182,negative,legal issues
Peter Dutton demands immigration minister Andrew Giles resign as another person released from detention,2023-11-30T06:01:41Z,-0.5994,negative,controversies
Immigration minister released friend of Bob Hawke from detention on visa that did not include ankle bracelet or curfew,2024-02-27T14:00:01Z,0.1779,negative,immigration policy
Immigration minister released friend of Bob Hawke from detention on visa that did not include ankle bracelet or curfew,2024-02-27T14:00:01Z,0.1779,negative,key individuals
Immigration minister released friend of Bob Hawke from detention on visa that did not include ankle bracelet or curfew,2024-02-27T14:00:01Z,0.1779,negative,controversies
Immigration minister lifts ankle bracelet and curfew conditions for two ex-detainees suing Australian government,2023-12-14T14:00:02Z,-0.2732,negative,controversies
Immigration minister lifts ankle bracelet and curfew conditions for two ex-detainees suing Australian government,2023-12-14T14:00:02Z,-0.2732,negative,detention policy
Immigration minister lifts ankle bracelet and curfew conditions for two ex-detainees suing Australian government,2023-12-14T14:00:02Z,-0.2732,negative,detention policy
Immigration minister lifts ankle bracelet and curfew conditions for two ex-detainees suing Australian government,2023-12-14T14:00:02Z,-0.2732,negative,australian government
"‘None’ of 81 people released from immigration detention arrived during Albanese government, Labor says",2023-11-14T06:53:02Z,-0.3612,negative,immigration policy
"‘None’ of 81 people released from immigration detention arrived during Albanese government, Labor says",2023-11-14T06:53:02Z,-0.3612,negative,government policy
"Ankle bracelets, curfews and criminal penalties in Labor response to release of immigration detainees",2023-11-15T16:50:46Z,-0.5267,negative,controversiess curfews
"Ankle bracelets, curfews and criminal penalties in Labor response to release of immigration detainees",2023-11-15T16:50:46Z,-0.5267,negative,legal issues
"Ankle bracelets, curfews and criminal penalties in Labor response to release of immigration detainees",2023-11-15T16:50:46Z,-0.5267,negative,government policy
"Ankle bracelets, curfews and criminal penalties in Labor response to release of immigration detainees",2023-11-15T16:50:46Z,-0.5267,negative,immigration detainees
Documents reveal details about the 92 people facing release from indefinite immigration detention in Australia,2023-11-10T02:53:46Z,-0.3612,negative,indefinite immigration policy
Andrew Giles issues new rules for visa cancellations that make community safety ‘highest priority’,2024-06-07T06:44:22Z,0.4215,neutral,key individuals
Andrew Giles issues new rules for visa cancellations that make community safety ‘highest priority’,2024-06-07T06:44:22Z,0.4215,neutral,new rules
Andrew Giles issues new rules for visa cancellations that make community safety ‘highest priority’,2024-06-07T06:44:22Z,0.4215,neutral,visa policy
Andrew Giles issues new rules for visa cancellations that make community safety ‘highest priority’,2024-06-07T06:44:22Z,0.4215,neutral,social policy
Dutton push for ‘migration zones’ for people released from immigration detention rejected as ‘stuff of tyranny’,2023-11-17T03:31:44Z,-0.7003,negative,migration policy
Dutton push for ‘migration zones’ for people released from immigration detention rejected as ‘stuff of tyranny’,2023-11-17T03:31:44Z,-0.7003,negative,immigration policy
The week in parliament: things get ugly on immigration detention with political blood spilled on both sides | Amy Remeikis,2023-12-01T23:00:28Z,-0.7003,negative,government policy
The week in parliament: things get ugly on immigration detention with political blood spilled on both sides | Amy Remeikis,2023-12-01T23:00:28Z,-0.7003,negative,immigration policy
The week in parliament: things get ugly on immigration detention with political blood spilled on both sides | Amy Remeikis,2023-12-01T23:00:28Z,-0.7003,negative,government policy
The week in parliament: things get ugly on immigration detention with political blood spilled on both sides | Amy Remeikis,2023-12-01T23:00:28Z,-0.7003,negative,key individuals
I’ve been fighting Australia's mandatory immigration detention regime for decades – the high court’s decision is revolutionary | Mary Crock,2023-11-08T23:25:33Z,-0.5719,negative,news
I’ve been fighting Australia's mandatory immigration detention regime for decades – the high court’s decision is revolutionary | Mary Crock,2023-11-08T23:25:33Z,-0.5719,negative,migration policy
I’ve been fighting Australia's mandatory immigration detention regime for decades – the high court’s decision is revolutionary | Mary Crock,2023-11-08T23:25:33Z,-0.5719,negative,government policy
I’ve been fighting Australia's mandatory immigration detention regime for decades – the high court’s decision is revolutionary | Mary Crock,2023-11-08T23:25:33Z,-0.5719,negative,key individuals
The pain for Labor on immigration detention is not over – especially if the Coalition and Greens team up | Paul Karp,2023-11-26T14:00:21Z,-0.7003,negative,immigration policy
The pain for Labor on immigration detention is not over – especially if the Coalition and Greens team up | Paul Karp,2023-11-26T14:00:21Z,-0.7003,negative,key individuals
The pain for Labor on immigration detention is not over – especially if the Coalition and Greens team up | Paul Karp,2023-11-26T14:00:21Z,-0.7003,negative,key individuals
Criminals facing deportation from Australia have had their visas restored. How did this happen and who is to blame?,2024-05-29T04:38:59Z,-0.5719,negative,
New Zealand tightens visa rules after migration hits ‘unsustainable’ levels,2024-04-08T05:58:43Z,0.0,neutral,international relations
New Zealand tightens visa rules after migration hits ‘unsustainable’ levels,2024-04-08T05:58:43Z,0.0,neutral,migration policy
New Zealand tightens visa rules after migration hits ‘unsustainable’ levels,2024-04-08T05:58:43Z,0.0,neutral,migration policy
Coalition accused of sitting on warnings that immigration detention may have breached duty of care,2023-09-11T02:30:22Z,-0.4019,negative,immigration policy
Afternoon Update: Record increase in net migration; PwC won’t share tax leaks report; and the hot cross buns taste test,2024-03-21T06:02:28Z,0.5423,neutral,news
Afternoon Update: Record increase in net migration; PwC won’t share tax leaks report; and the hot cross buns taste test,2024-03-21T06:02:28Z,0.5423,neutral,migration policy
Afternoon Update: Record increase in net migration; PwC won’t share tax leaks report; and the hot cross buns taste test,2024-03-21T06:02:28Z,0.5423,neutral,economy
Afternoon Update: Record increase in net migration; PwC won’t share tax leaks report; and the hot cross buns taste test,2024-03-21T06:02:28Z,0.5423,neutral,community events
Immigration detention: Rohingya refugee NZYQ freed after high court case did not show remorse for raping 10-year-old,2023-11-22T02:42:01Z,-0.584,negative,immigration policy rohingya refugee nzyq
Immigration detention: Rohingya refugee NZYQ freed after high court case did not show remorse for raping 10-year-old,2023-11-22T02:42:01Z,-0.584,negative,high legal issues
Immigration detention: Rohingya refugee NZYQ freed after high court case did not show remorse for raping 10-year-old,2023-11-22T02:42:01Z,-0.584,negative,key individuals
‘Sign here’: high court finds no requirement for minister to read submissions on visa decisions,2024-04-10T01:57:11Z,-0.296,negative,high court
‘Sign here’: high court finds no requirement for minister to read submissions on visa decisions,2024-04-10T01:57:11Z,-0.296,negative,visa policy
Home affairs under Peter Dutton was warned ‘failing’ immigration detention may have breached duty of care,2023-09-08T15:00:49Z,-0.1027,negative,government policy
Home affairs under Peter Dutton was warned ‘failing’ immigration detention may have breached duty of care,2023-09-08T15:00:49Z,-0.1027,negative,key individuals
Home affairs under Peter Dutton was warned ‘failing’ immigration detention may have breached duty of care,2023-09-08T15:00:49Z,-0.1027,negative,immigration policy
Australia’s use of hotels for immigration detention found to have ‘devastating’ health effects,2023-06-20T23:37:22Z,-0.3612,negative,migration policy
Australia’s use of hotels for immigration detention found to have ‘devastating’ health effects,2023-06-20T23:37:22Z,-0.3612,negative,immigration policy
"House prices will keep rising into next year, says Domain, as immigration boosts demand",2023-06-21T15:00:42Z,0.2023,neutral,economy
"House prices will keep rising into next year, says Domain, as immigration boosts demand",2023-06-21T15:00:42Z,0.2023,neutral,economy
"Change in visa rules was to apply in absence of ‘serious offending or family violence’, Andrew Giles was told",2024-05-27T15:00:28Z,-0.5106,negative,visa policy
"Change in visa rules was to apply in absence of ‘serious offending or family violence’, Andrew Giles was told",2024-05-27T15:00:28Z,-0.5106,negative,key individuals
How immigration changed Australia – an interactive journey through history,2023-01-29T14:00:53Z,0.0,neutral,community events
Aneeta’s violent husband tried to sabotage her Australian visa application. She’s one of hundreds to secure one anyway,2024-07-07T00:00:51Z,-0.7096,negative,key individuals
Aneeta’s violent husband tried to sabotage her Australian visa application. She’s one of hundreds to secure one anyway,2024-07-07T00:00:51Z,-0.7096,negative,visa application
Neo-Nazis clash with police and counter-protesters at anti-immigration rally in Melbourne,2023-05-13T06:22:35Z,0.0,neutral,controversies
Neo-Nazis clash with police and counter-protesters at anti-immigration rally in Melbourne,2023-05-13T06:22:35Z,0.0,neutral,community events
Neo-Nazis clash with police and counter-protesters at anti-immigration rally in Melbourne,2023-05-13T06:22:35Z,0.0,neutral,community events
New Zealanders to gain faster pathway to Australian citizenship under major changes to immigration rules,2023-04-21T12:30:40Z,0.5267,neutral,new zealanders
New Zealanders to gain faster pathway to Australian citizenship under major changes to immigration rules,2023-04-21T12:30:40Z,0.5267,neutral,citizenship
New Zealanders to gain faster pathway to Australian citizenship under major changes to immigration rules,2023-04-21T12:30:40Z,0.5267,neutral,migration policy
New Zealanders to gain faster pathway to Australian citizenship under major changes to immigration rules,2023-04-21T12:30:40Z,0.5267,neutral,migration policy
Strict new rules come into force at US-Mexico border as Title 42 immigration ban expires,2023-05-12T04:18:57Z,-0.5574,negative,new rules
Strict new rules come into force at US-Mexico border as Title 42 immigration ban expires,2023-05-12T04:18:57Z,-0.5574,negative,international relations
Strict new rules come into force at US-Mexico border as Title 42 immigration ban expires,2023-05-12T04:18:57Z,-0.5574,negative,migration policy
Top public servant apologises for ‘significant’ error in Australia’s offshore immigration processing,2023-02-13T08:11:03Z,-0.0258,negative,government policy
Top public servant apologises for ‘significant’ error in Australia’s offshore immigration processing,2023-02-13T08:11:03Z,-0.0258,negative,controversies
Top public servant apologises for ‘significant’ error in Australia’s offshore immigration processing,2023-02-13T08:11:03Z,-0.0258,negative,migration policy
Clare O’Neil won’t rule out international student cap as part of visa crackdown,2023-12-11T05:47:12Z,0.0,neutral,key individuals
Clare O’Neil won’t rule out international student cap as part of visa crackdown,2023-12-11T05:47:12Z,0.0,neutral,education
Clare O’Neil won’t rule out international student cap as part of visa crackdown,2023-12-11T05:47:12Z,0.0,neutral,visa policy
David Pocock blasts Albanese government as it reauthorises Nauru offshore immigration detention,2023-02-07T07:44:44Z,-0.3612,negative,key individuals
David Pocock blasts Albanese government as it reauthorises Nauru offshore immigration detention,2023-02-07T07:44:44Z,-0.3612,negative,migration policy
"Why is Labor defending Alex Hawke’s ‘bizarre’, ‘steering wheel’ visa decision in the high court? | Paul Karp",2023-10-29T14:00:48Z,0.0,neutral,key individuals bizarre
"Why is Labor defending Alex Hawke’s ‘bizarre’, ‘steering wheel’ visa decision in the high court? | Paul Karp",2023-10-29T14:00:48Z,0.0,neutral,wheel visa policy
"Why is Labor defending Alex Hawke’s ‘bizarre’, ‘steering wheel’ visa decision in the high court? | Paul Karp",2023-10-29T14:00:48Z,0.0,neutral,key individuals
"Electronic monitoring in community could reduce immigration detention, document states",2022-11-21T14:00:23Z,-0.3612,negative,migration policy
"The Crunch: migration hits record high, bird flu takes flight and kicking goals with AFL mullets",2024-05-30T01:56:14Z,-0.3818,negative,migration policy
"The Crunch: migration hits record high, bird flu takes flight and kicking goals with AFL mullets",2024-05-30T01:56:14Z,-0.3818,negative,community events
Legal challenge to Australia’s indefinite immigration detention could determine freedom of hundreds ,2022-12-29T14:00:22Z,0.5423,negative,legal issues
Legal challenge to Australia’s indefinite immigration detention could determine freedom of hundreds ,2022-12-29T14:00:22Z,0.5423,negative,indefinite immigration policy
Labor condemned for ‘abhorrently cruel’ decision to put 100 people back in immigration detention,2023-02-08T14:00:20Z,-0.6597,negative,controversies
Labor condemned for ‘abhorrently cruel’ decision to put 100 people back in immigration detention,2023-02-08T14:00:20Z,-0.6597,negative,immigration policy
Surge in Palestinians applying for protection while in Australia prompts calls to create ‘emergency uplift’ visa,2024-07-01T15:00:22Z,0.2732,neutral,migration policy
Surge in Palestinians applying for protection while in Australia prompts calls to create ‘emergency uplift’ visa,2024-07-01T15:00:22Z,0.2732,neutral,visa policy
"Immigration detainee not given new food because maggots ‘just on the vegetables’, report finds",2023-01-23T14:00:08Z,0.0,neutral,immigration detainee
"Immigration detainee not given new food because maggots ‘just on the vegetables’, report finds",2023-01-23T14:00:08Z,0.0,neutral,community events
"Migration rose by one-third last year to lift Australia’s population by a record 659,000",2024-03-21T06:36:29Z,0.0,neutral,migration policy
Labor’s deportation bill could be used to blacklist entire countries’ citizens from obtaining visas to Australia,2024-03-27T14:00:27Z,0.0,neutral,migration policy
Labor’s deportation bill could be used to blacklist entire countries’ citizens from obtaining visas to Australia,2024-03-27T14:00:27Z,0.0,neutral,migration policy
Refugee charged with breaching curfew launches high court challenge to released detainees’ visa conditions,2024-02-28T04:33:23Z,-0.128,negative,detention policy
Refugee charged with breaching curfew launches high court challenge to released detainees’ visa conditions,2024-02-28T04:33:23Z,-0.128,negative,court challenge
Refugee charged with breaching curfew launches high court challenge to released detainees’ visa conditions,2024-02-28T04:33:23Z,-0.128,negative,detention policy
Living in a tent: the Melbourne family left homeless after a visa processing bungle,2024-06-01T20:00:14Z,0.0,neutral,key individuals
Living in a tent: the Melbourne family left homeless after a visa processing bungle,2024-06-01T20:00:14Z,0.0,neutral,visa policy
‘All I know is Australia’: Indigenous man left in immigration detention for more than three years,2023-02-18T19:00:04Z,-0.3612,negative,key individuals
‘All I know is Australia’: Indigenous man left in immigration detention for more than three years,2023-02-18T19:00:04Z,-0.3612,negative,immigration policy
Up to 100 people released from immigration detention after Australian government loses court case,2022-12-28T14:00:53Z,-0.5859,negative,immigration policy
Up to 100 people released from immigration detention after Australian government loses court case,2022-12-28T14:00:53Z,-0.5859,negative,australian government
Up to 100 people released from immigration detention after Australian government loses court case,2022-12-28T14:00:53Z,-0.5859,negative,legal issues
Labor reverses course on ministerial ruling that saw criminals given visas,2024-05-29T06:31:53Z,-0.5719,negative,government policy
Labor reverses course on ministerial ruling that saw criminals given visas,2024-05-29T06:31:53Z,-0.5719,negative,government policy
"Map reveals Australian hotels used for immigration detention, but secrecy means it’s incomplete",2022-12-01T14:00:49Z,-0.1901,negative,migration policy
"Map reveals Australian hotels used for immigration detention, but secrecy means it’s incomplete",2022-12-01T14:00:49Z,-0.1901,negative,immigration policy
‘Never given a chance’: freed asylum seekers lament lost decade in immigration detention,2022-11-20T14:00:28Z,-0.6249,negative,asylum policy
‘Never given a chance’: freed asylum seekers lament lost decade in immigration detention,2022-11-20T14:00:28Z,-0.6249,negative,immigration policy
"Australia loves prisons! Just ask the 1,400 people locked up in immigration detention | First Dog on the Moon",2022-10-24T06:13:20Z,0.3595,negative,immigration policy
Palestinians were refused Australian visitor visas due to concerns they would not ‘stay temporarily’,2024-04-16T02:18:05Z,-0.296,negative,visitovisa application
Peter Dutton talks a big game on migration – but do his budget reply promises stack up?,2024-05-17T04:59:53Z,0.5267,neutral,key individuals
Peter Dutton talks a big game on migration – but do his budget reply promises stack up?,2024-05-17T04:59:53Z,0.5267,neutral,community events
Peter Dutton talks a big game on migration – but do his budget reply promises stack up?,2024-05-17T04:59:53Z,0.5267,neutral,government policy
Afternoon Update: Australia to get a poet laureate; US police allegedly beat homeless man; and a smart immigration interactive,2023-01-30T05:26:36Z,0.4019,neutral,news
Afternoon Update: Australia to get a poet laureate; US police allegedly beat homeless man; and a smart immigration interactive,2023-01-30T05:26:36Z,0.4019,neutral,key events
Afternoon Update: Australia to get a poet laureate; US police allegedly beat homeless man; and a smart immigration interactive,2023-01-30T05:26:36Z,0.4019,neutral,social policy
Afternoon Update: Australia to get a poet laureate; US police allegedly beat homeless man; and a smart immigration interactive,2023-01-30T05:26:36Z,0.4019,neutral,migration policy
Hiking international student visa fees is on the table – but could it also pay your rent? | Paul Karp,2024-04-07T15:00:06Z,-0.1531,negative,international education fees
Hiking international student visa fees is on the table – but could it also pay your rent? | Paul Karp,2024-04-07T15:00:06Z,-0.1531,negative,economy
Refugee advocates ‘encouraged’ as Albanese government considers ways to reduce immigration detention backlog,2022-09-24T20:00:14Z,-0.3612,negative,refugee advocates
Refugee advocates ‘encouraged’ as Albanese government considers ways to reduce immigration detention backlog,2022-09-24T20:00:14Z,-0.3612,negative,government policy
Refugee advocates ‘encouraged’ as Albanese government considers ways to reduce immigration detention backlog,2022-09-24T20:00:14Z,-0.3612,negative,migration policy
‘They will never be granted the visa in their lifetime’: the families waiting decades to settle parents in Australia,2023-07-30T15:00:11Z,-0.1877,negative,
"High court may hear ‘bizarre’ immigration case involving Alex Hawke, a former marine and a steering wheel photo",2022-12-21T14:00:08Z,0.0,neutral,high court
"High court may hear ‘bizarre’ immigration case involving Alex Hawke, a former marine and a steering wheel photo",2022-12-21T14:00:08Z,0.0,neutral,controversies
"High court may hear ‘bizarre’ immigration case involving Alex Hawke, a former marine and a steering wheel photo",2022-12-21T14:00:08Z,0.0,neutral,key individuals
"High court may hear ‘bizarre’ immigration case involving Alex Hawke, a former marine and a steering wheel photo",2022-12-21T14:00:08Z,0.0,neutral,community events
Greens accuse Labor and Coalition of ‘race to the bottom’ over migration bill – as it happened,2023-12-05T07:04:49Z,-0.2023,negative,migration policy
The migration strategy won’t silence Dutton but Labor is backing away from the feared Big Australia | Paul Karp,2023-12-10T14:00:53Z,-0.631,negative,migration policy
The migration strategy won’t silence Dutton but Labor is backing away from the feared Big Australia | Paul Karp,2023-12-10T14:00:53Z,-0.631,negative,key individuals
The migration strategy won’t silence Dutton but Labor is backing away from the feared Big Australia | Paul Karp,2023-12-10T14:00:53Z,-0.631,negative,economy
"Morning Mail: Morrison secret ministry ‘voids visa ruling’, high-speed rail abandoned, Lyon roars in India ",2023-03-02T19:56:03Z,-0.4588,negative,government policy
"Morning Mail: Morrison secret ministry ‘voids visa ruling’, high-speed rail abandoned, Lyon roars in India ",2023-03-02T19:56:03Z,-0.4588,negative,community events
"Australian-born judge released from immigration detention in Kiribati, after being held overnight",2022-08-12T08:28:32Z,-0.3612,negative,immigration policy
PM questions migration attacks – as it happened,2023-05-15T08:40:03Z,-0.4404,negative,migration policy
Visa system to be target of Labor crackdown after review uncovers ‘grotesque abuses’ ,2023-10-04T03:10:59Z,0.0,neutral,visa processing
Visa system to be target of Labor crackdown after review uncovers ‘grotesque abuses’ ,2023-10-04T03:10:59Z,0.0,neutral,government policy
Visa system to be target of Labor crackdown after review uncovers ‘grotesque abuses’ ,2023-10-04T03:10:59Z,0.0,neutral,migration policy
Immigration minister says Nadesalingam family can stay in Biloela ‘with certainty’,2022-06-15T17:30:38Z,0.0,neutral,immigration policy
Immigration minister says Nadesalingam family can stay in Biloela ‘with certainty’,2022-06-15T17:30:38Z,0.0,neutral,key individuals
"Australia on track for 2023 migration boom as arrivals dwarf Treasury forecasts, ex-official says",2023-01-13T03:10:33Z,0.2023,neutral,migration policy
"Australia on track for 2023 migration boom as arrivals dwarf Treasury forecasts, ex-official says",2023-01-13T03:10:33Z,0.2023,neutral,migration policy
"Only a matter of time before someone is killed in Australian immigration detention, detainees say",2022-09-03T20:00:27Z,-0.7845,negative,detention policy
"Labor hikes international student visa fees as sector warns of ‘death by 1,000 cuts’",2024-07-01T03:03:21Z,-0.1027,negative,government policy
"Labor hikes international student visa fees as sector warns of ‘death by 1,000 cuts’",2024-07-01T03:03:21Z,-0.1027,negative,international education fees
"Labor hikes international student visa fees as sector warns of ‘death by 1,000 cuts’",2024-07-01T03:03:21Z,-0.1027,negative,economy
"‘No end to this’: six visas, six migration agents, four jobs in regional Australia and still no permanent residency",2023-04-02T15:00:24Z,-0.296,negative,migration policy
"‘No end to this’: six visas, six migration agents, four jobs in regional Australia and still no permanent residency",2023-04-02T15:00:24Z,-0.296,negative,regional visa
"‘No end to this’: six visas, six migration agents, four jobs in regional Australia and still no permanent residency",2023-04-02T15:00:24Z,-0.296,negative,permanent residency
"The Nadesalingams are back in Biloela, but Australia’s unjust immigration system endures | Ben Doherty",2022-06-10T20:00:12Z,-0.6652,negative,controversies
"Australia holding immigration detainees for average of almost two years, freedom of information request reveals",2022-08-01T10:37:11Z,0.6041,neutral,immigration detainees
"Australia holding immigration detainees for average of almost two years, freedom of information request reveals",2022-08-01T10:37:11Z,0.6041,neutral,key events
"Australia holding immigration detainees for average of almost two years, freedom of information request reveals",2022-08-01T10:37:11Z,0.6041,neutral,news
Visitors to Australia could now lose their visa if they hide plant or animal products in luggage,2023-11-01T14:00:12Z,-0.5267,negative,customs
Visitors to Australia could now lose their visa if they hide plant or animal products in luggage,2023-11-01T14:00:12Z,-0.5267,negative,customs
Immigration detainees transferred from Melbourne to Christmas Island amid heated protests,2022-05-04T07:15:08Z,-0.2263,negative,immigration detainees
Immigration detainees transferred from Melbourne to Christmas Island amid heated protests,2022-05-04T07:15:08Z,-0.2263,negative,detention policy
Angus Taylor at odds with Dutton on migration targets in ‘shambolic’ post-budget appearance,2024-05-22T06:06:51Z,0.0,neutral,key individuals
Angus Taylor at odds with Dutton on migration targets in ‘shambolic’ post-budget appearance,2024-05-22T06:06:51Z,0.0,neutral,migration policy
Angus Taylor at odds with Dutton on migration targets in ‘shambolic’ post-budget appearance,2024-05-22T06:06:51Z,0.0,neutral,government policy
State Labor MPs call on Albanese government to expand visa access for Palestinian refugees,2024-04-16T21:00:01Z,0.3182,neutral,government policy
State Labor MPs call on Albanese government to expand visa access for Palestinian refugees,2024-04-16T21:00:01Z,0.3182,neutral,albanese government
State Labor MPs call on Albanese government to expand visa access for Palestinian refugees,2024-04-16T21:00:01Z,0.3182,neutral,visa-related
State Labor MPs call on Albanese government to expand visa access for Palestinian refugees,2024-04-16T21:00:01Z,0.3182,neutral,refugee visa
"When it comes to migration, we must separate fact from fiction – and be sceptical of political tough talk | Alan Gamlen",2024-05-20T02:55:50Z,-0.4019,negative,controversies
"When it comes to migration, we must separate fact from fiction – and be sceptical of political tough talk | Alan Gamlen",2024-05-20T02:55:50Z,-0.4019,negative,key events
Alexander Downer features in UK video promoting Britain’s ‘new plan for immigration’,2022-04-18T10:56:39Z,0.3612,neutral,key individuals
Alexander Downer features in UK video promoting Britain’s ‘new plan for immigration’,2022-04-18T10:56:39Z,0.3612,neutral,international relations
Alexander Downer features in UK video promoting Britain’s ‘new plan for immigration’,2022-04-18T10:56:39Z,0.3612,neutral,government policy
Never mind the bollocks: Albanese’s non-gaffe on immigration was just media hysteria | Katharine Murphy,2022-04-15T01:58:16Z,-0.4404,negative,government policy
Never mind the bollocks: Albanese’s non-gaffe on immigration was just media hysteria | Katharine Murphy,2022-04-15T01:58:16Z,-0.4404,negative,controversies
"Morning Mail: Labor reveals visa fix, politics at the Arias, India through to World Cup final",2023-11-15T20:02:33Z,0.0,neutral,government policy
"Morning Mail: Labor reveals visa fix, politics at the Arias, India through to World Cup final",2023-11-15T20:02:33Z,0.0,neutral,key individuals
"Morning Mail: Labor reveals visa fix, politics at the Arias, India through to World Cup final",2023-11-15T20:02:33Z,0.0,neutral,world cup
"Hong Kong withholds British lawyer’s visa, delaying Jimmy Lai trial",2022-12-01T06:19:14Z,0.0,neutral,international relations
"Hong Kong withholds British lawyer’s visa, delaying Jimmy Lai trial",2022-12-01T06:19:14Z,0.0,neutral,key individuals
Iranian refugee Mehdi Ali released after nine years in Australian immigration detention,2022-03-03T21:10:58Z,-0.3612,negative,key individuals
Iranian refugee Mehdi Ali released after nine years in Australian immigration detention,2022-03-03T21:10:58Z,-0.3612,negative,australian immigration policy
"Three years after beating deportation, Indigenous Australians freed from visa limbo",2023-01-29T14:00:53Z,-0.0772,negative,controversies
"Three years after beating deportation, Indigenous Australians freed from visa limbo",2023-01-29T14:00:53Z,-0.0772,negative,visa limbo
"Villawood, Australia’s largest immigration detention centre, said to be ‘awash with drugs’",2022-02-20T16:30:08Z,-0.3612,negative,detention policy
"Villawood, Australia’s largest immigration detention centre, said to be ‘awash with drugs’",2022-02-20T16:30:08Z,-0.3612,negative,government policy
"Australia raises permanent migration cap to 195,000 to ease workforce shortages",2022-09-02T01:13:09Z,0.2263,negative,government policy
"Australia raises permanent migration cap to 195,000 to ease workforce shortages",2022-09-02T01:13:09Z,0.2263,negative,permanent residency
"Australia raises permanent migration cap to 195,000 to ease workforce shortages",2022-09-02T01:13:09Z,0.2263,negative,employment
New Zealand loses appeal to rich foreigners as investor visa numbers plunge,2023-04-06T05:47:02Z,0.3182,negative,new zealand
New Zealand loses appeal to rich foreigners as investor visa numbers plunge,2023-04-06T05:47:02Z,0.3182,negative,investment visa
New Zealand loses appeal to rich foreigners as investor visa numbers plunge,2023-04-06T05:47:02Z,0.3182,negative,investment visa
Novak Djokovic to face immigration officials after Australian visa cancelled again,2022-01-14T12:35:49Z,-0.25,negative,key individuals
Novak Djokovic to face immigration officials after Australian visa cancelled again,2022-01-14T12:35:49Z,-0.25,negative,immigration policy
Novak Djokovic to face immigration officials after Australian visa cancelled again,2022-01-14T12:35:49Z,-0.25,negative,visa application
"Migration has been blamed for the housing crisis, but it’s not that simple",2024-05-29T15:00:05Z,-0.5574,negative,
"Thousands of Australian visa decisions may be affected by high court ruling, experts warn",2023-04-13T15:00:48Z,-0.25,negative,visa application
"Thousands of Australian visa decisions may be affected by high court ruling, experts warn",2023-04-13T15:00:48Z,-0.25,negative,immigration policy
"Asylum seekers, families allegedly threatened after Australian immigration data breach",2021-12-12T22:49:29Z,-0.4588,negative,asylum policy
"Asylum seekers, families allegedly threatened after Australian immigration data breach",2021-12-12T22:49:29Z,-0.4588,negative,controversies
"Australia holding people in immigration detention for record 689 days on average, report finds",2022-02-16T00:49:34Z,-0.3612,negative,immigration policy
"Australia holding people in immigration detention for record 689 days on average, report finds",2022-02-16T00:49:34Z,-0.3612,negative,news
"Morning Mail: Dutton’s visa call, $100bn fossil fuel tax proposed, Kremlin adds to most wanted list",2024-02-13T19:57:31Z,0.0,neutral,key individuals
"Morning Mail: Dutton’s visa call, $100bn fossil fuel tax proposed, Kremlin adds to most wanted list",2024-02-13T19:57:31Z,0.0,neutral,economy
"Morning Mail: Muslim leaders boycott state dinners, businessman visa case, Palmer claims anti-vaccine mandate ‘victory’",2024-02-27T19:57:06Z,-0.3182,negative,controversies
"Morning Mail: Muslim leaders boycott state dinners, businessman visa case, Palmer claims anti-vaccine mandate ‘victory’",2024-02-27T19:57:06Z,-0.3182,negative,health requirements
How Australia’s handling of Djokovic exposed its flawed immigration system to the world,2022-01-11T16:30:22Z,-0.5267,negative,immigration policy
International students left feeling like ‘cash cows’ after Albanese government raises visa fees,2024-07-06T20:00:48Z,0.4588,positive,education
International students left feeling like ‘cash cows’ after Albanese government raises visa fees,2024-07-06T20:00:48Z,0.4588,positive,controversies
International students left feeling like ‘cash cows’ after Albanese government raises visa fees,2024-07-06T20:00:48Z,0.4588,positive,government policy
‘It’s very unfair’: Australia’s visa crackdown is disrupting international students and hitting university finances,2024-05-05T02:00:03Z,0.0,neutral,controversies
‘It’s very unfair’: Australia’s visa crackdown is disrupting international students and hitting university finances,2024-05-05T02:00:03Z,0.0,neutral,education
‘It’s very unfair’: Australia’s visa crackdown is disrupting international students and hitting university finances,2024-05-05T02:00:03Z,0.0,neutral,education
Relatives ‘surprised and shocked’ after 68-year-old Gaza woman’s Australian visa cancelled on security grounds,2024-04-25T15:00:27Z,0.1027,negative,key individuals
Relatives ‘surprised and shocked’ after 68-year-old Gaza woman’s Australian visa cancelled on security grounds,2024-04-25T15:00:27Z,0.1027,negative,visa eligibility
"As we celebrate the permanent residency granted to Sydney’s ‘bollard man’, visa uncertainty looms over others | Shankar Kasynathan",2024-04-19T01:33:39Z,0.4019,negative,permanent residency
"As we celebrate the permanent residency granted to Sydney’s ‘bollard man’, visa uncertainty looms over others | Shankar Kasynathan",2024-04-19T01:33:39Z,0.4019,negative,key individuals
"As we celebrate the permanent residency granted to Sydney’s ‘bollard man’, visa uncertainty looms over others | Shankar Kasynathan",2024-04-19T01:33:39Z,0.4019,negative,key individuals
Coalition plan to privatise visa processing to be subject of new inquiry,2023-11-30T06:51:00Z,0.0,neutral,government policy
Coalition plan to privatise visa processing to be subject of new inquiry,2023-11-30T06:51:00Z,0.0,neutral,visa processing
Coalition plan to privatise visa processing to be subject of new inquiry,2023-11-30T06:51:00Z,0.0,neutral,key events
Australia to investigate how Palestinians crossed Gaza border after government suspends visas,2024-03-15T07:24:31Z,0.0,neutral,international relations
Australia to investigate how Palestinians crossed Gaza border after government suspends visas,2024-03-15T07:24:31Z,0.0,neutral,government policy
‘Power imbalance’: how Australia’s visa system leaves migrants beholden to their employers,2023-09-03T00:00:18Z,0.0,neutral,social policy
‘Power imbalance’: how Australia’s visa system leaves migrants beholden to their employers,2023-09-03T00:00:18Z,0.0,neutral,visa processing
China and Australia agree to new multi-entry visa as Albanese touts improved relationship after thaw,2023-11-07T07:44:26Z,0.6705,neutral,visa application
China and Australia agree to new multi-entry visa as Albanese touts improved relationship after thaw,2023-11-07T07:44:26Z,0.6705,neutral,government policy
Afternoon Update: PM says Coalition ‘just wrong’ on visas; ex-Ten presenter and partner missing; and can you remember these ‘best picture’ films?,2024-02-22T06:42:50Z,-0.296,negative,news
Afternoon Update: PM says Coalition ‘just wrong’ on visas; ex-Ten presenter and partner missing; and can you remember these ‘best picture’ films?,2024-02-22T06:42:50Z,-0.296,negative,visa application
Afternoon Update: PM says Coalition ‘just wrong’ on visas; ex-Ten presenter and partner missing; and can you remember these ‘best picture’ films?,2024-02-22T06:42:50Z,-0.296,negative,community events
"Morning Mail: Australia win thriller to reach World Cup final, Labor dissent over visa law, Optus outage outrage",2023-11-16T19:53:15Z,0.25,negative,world cup
"Morning Mail: Australia win thriller to reach World Cup final, Labor dissent over visa law, Optus outage outrage",2023-11-16T19:53:15Z,0.25,negative,government policy
"Morning Mail: Australia win thriller to reach World Cup final, Labor dissent over visa law, Optus outage outrage",2023-11-16T19:53:15Z,0.25,negative,visa application
"Palestinians who had Australian visas cancelled mid-flight are ‘collateral damage’, charity group says",2024-03-15T14:00:37Z,0.2023,negative,visa applications
"Palestinians who had Australian visas cancelled mid-flight are ‘collateral damage’, charity group says",2024-03-15T14:00:37Z,0.2023,negative,key events
"Palestinians who had Australian visas cancelled mid-flight are ‘collateral damage’, charity group says",2024-03-15T14:00:37Z,0.2023,negative,key events
Labor targets student and some worker visas in overhaul of Australia’s temporary migration program,2023-12-10T14:00:54Z,0.0,neutral,education
Labor targets student and some worker visas in overhaul of Australia’s temporary migration program,2023-12-10T14:00:54Z,0.0,neutral,work visa
Labor targets student and some worker visas in overhaul of Australia’s temporary migration program,2023-12-10T14:00:54Z,0.0,neutral,temporary migration
Peter Dutton doubles down on call to cancel visas of antisemitic protesters,2023-10-13T00:31:06Z,-0.4404,negative,key individuals doubles
Peter Dutton doubles down on call to cancel visas of antisemitic protesters,2023-10-13T00:31:06Z,-0.4404,negative,controversies
O’Neil accuses Dutton of politicising national security on visas for Israel-Palestine conflict: as it happened,2023-11-24T06:40:28Z,-0.3182,negative,key individuals
O’Neil accuses Dutton of politicising national security on visas for Israel-Palestine conflict: as it happened,2023-11-24T06:40:28Z,-0.3182,negative,national security
O’Neil accuses Dutton of politicising national security on visas for Israel-Palestine conflict: as it happened,2023-11-24T06:40:28Z,-0.3182,negative,international relations
"GPs aiding international student agents to exploit Australian visa ‘loophole’, inquiry hears",2023-05-15T08:34:10Z,-0.1027,negative,education
"GPs aiding international student agents to exploit Australian visa ‘loophole’, inquiry hears",2023-05-15T08:34:10Z,-0.1027,negative,visa processing
"Asylum seeker walking 1,000km from Ballarat to Sydney to raise awareness about life in visa limbo",2023-07-31T22:00:04Z,0.0,neutral,asylum policy
"Asylum seeker walking 1,000km from Ballarat to Sydney to raise awareness about life in visa limbo",2023-07-31T22:00:04Z,0.0,neutral,visa limbo
"The moment I knew: our visa situation made things complicated – then he proposed, hypothetically",2023-06-17T20:00:23Z,0.0,neutral,visa application
"After seven years in Australia, I’m finally off the visa merry-go-round | Lucy Pearson",2023-05-29T05:24:57Z,0.0,neutral,migration policy
"After seven years in Australia, I’m finally off the visa merry-go-round | Lucy Pearson",2023-05-29T05:24:57Z,0.0,neutral,visa application
"After seven years in Australia, I’m finally off the visa merry-go-round | Lucy Pearson",2023-05-29T05:24:57Z,0.0,neutral,key individuals
Afternoon Update: former Liberal staffer gives evidence in Lehrmann defamation case; US to place visa bans on some Israeli settlers; and first summer heatwave,2023-12-06T05:40:49Z,0.0,neutral,news
Afternoon Update: former Liberal staffer gives evidence in Lehrmann defamation case; US to place visa bans on some Israeli settlers; and first summer heatwave,2023-12-06T05:40:49Z,0.0,neutral,key individuals
Afternoon Update: former Liberal staffer gives evidence in Lehrmann defamation case; US to place visa bans on some Israeli settlers; and first summer heatwave,2023-12-06T05:40:49Z,0.0,neutral,key events
Afternoon Update: former Liberal staffer gives evidence in Lehrmann defamation case; US to place visa bans on some Israeli settlers; and first summer heatwave,2023-12-06T05:40:49Z,0.0,neutral,migration policy
Afternoon Update: former Liberal staffer gives evidence in Lehrmann defamation case; US to place visa bans on some Israeli settlers; and first summer heatwave,2023-12-06T05:40:49Z,0.0,neutral,natural disaster
High court ruling casts doubt on hundreds of Australian visa refusals,2023-04-12T03:33:14Z,-0.3612,negative,immigration policy
High court ruling casts doubt on hundreds of Australian visa refusals,2023-04-12T03:33:14Z,-0.3612,negative,visa application
"Morning Mail: $2bn ‘silent stalker’ student debt, partner visa blowout, Sudan embassy evacuations ",2023-04-23T20:50:20Z,-0.3612,negative,controversies
Fugitive turned Sydney identity Darko ‘Dougie’ Desic granted permanent visa,2023-02-06T10:14:02Z,0.25,neutral,key individuals
Fugitive turned Sydney identity Darko ‘Dougie’ Desic granted permanent visa,2023-02-06T10:14:02Z,0.25,neutral,permanent residency
‘Regional’ visa pushed by Coalition MPs actually allows migrants to move to cities,2023-04-05T15:00:11Z,0.0,neutral,regional visa
‘Regional’ visa pushed by Coalition MPs actually allows migrants to move to cities,2023-04-05T15:00:11Z,0.0,neutral,government policy
Dozens re-detained after visa cancellation bill passes – as it happened,2023-02-17T08:19:41Z,0.0,neutral,news
Dozens re-detained after visa cancellation bill passes – as it happened,2023-02-17T08:19:41Z,0.0,neutral,visa cancellation bill
Morning Mail: changes to ‘broken’ migration system; Cop28 goes down to the wire; winter looms in Gaza,2023-12-10T19:53:40Z,-0.1531,negative,migration policy
Morning Mail: changes to ‘broken’ migration system; Cop28 goes down to the wire; winter looms in Gaza,2023-12-10T19:53:40Z,-0.1531,negative,economy
Scott Morrison’s secret ministries used as grounds for Afghan man’s cancelled visa case,2023-03-02T14:00:07Z,-0.25,negative,key individuals
Scott Morrison’s secret ministries used as grounds for Afghan man’s cancelled visa case,2023-03-02T14:00:07Z,-0.25,negative,government policy
Scott Morrison’s secret ministries used as grounds for Afghan man’s cancelled visa case,2023-03-02T14:00:07Z,-0.25,negative,refugee visa
Scott Morrison’s secret ministries used as grounds for Afghan man’s cancelled visa case,2023-03-02T14:00:07Z,-0.25,negative,visa application
Peter Dutton promises to slash permanent migration by 25% in short term in populist budget reply,2024-05-16T13:00:39Z,0.128,negative,key individuals
Peter Dutton promises to slash permanent migration by 25% in short term in populist budget reply,2024-05-16T13:00:39Z,0.128,negative,permanent residency
Peter Dutton promises to slash permanent migration by 25% in short term in populist budget reply,2024-05-16T13:00:39Z,0.128,negative,temporary migration
Peter Dutton promises to slash permanent migration by 25% in short term in populist budget reply,2024-05-16T13:00:39Z,0.128,negative,government policy
Visa delays caused by security checks turning Chinese students away from Australian universities,2023-02-18T19:00:05Z,0.34,neutral,visa processing
Visa delays caused by security checks turning Chinese students away from Australian universities,2023-02-18T19:00:05Z,0.34,neutral,visa eligibility
Visa delays caused by security checks turning Chinese students away from Australian universities,2023-02-18T19:00:05Z,0.34,neutral,education
Defence force ‘surge’ to detect asylum boats in Australia’s northern waters follows visa change,2023-02-15T23:54:47Z,0.1027,neutral,national security
Defence force ‘surge’ to detect asylum boats in Australia’s northern waters follows visa change,2023-02-15T23:54:47Z,0.1027,neutral,asylum policy
Defence force ‘surge’ to detect asylum boats in Australia’s northern waters follows visa change,2023-02-15T23:54:47Z,0.1027,neutral,migration policy
"Morning Mail: sporting concussion’s hidden trauma, asylum seeker visa change, Gabrielle hits New Zealand",2023-02-12T20:01:48Z,-0.4215,negative,asylum policy
"Morning Mail: sporting concussion’s hidden trauma, asylum seeker visa change, Gabrielle hits New Zealand",2023-02-12T20:01:48Z,-0.4215,negative,natural disaster
"Morning Mail: sporting concussion’s hidden trauma, asylum seeker visa change, Gabrielle hits New Zealand",2023-02-12T20:01:48Z,-0.4215,negative,new zealand
Visa delays await Chinese students returning to Australia after sudden ban on online learning,2023-01-30T07:31:24Z,-0.4939,negative,visa processing
Visa delays await Chinese students returning to Australia after sudden ban on online learning,2023-01-30T07:31:24Z,-0.4939,negative,migration policy
Visa delays await Chinese students returning to Australia after sudden ban on online learning,2023-01-30T07:31:24Z,-0.4939,negative,education
Iranian PhD students remain in limbo due to Australian visa delays despite securing scholarships,2023-01-14T19:00:15Z,-0.2411,negative,education
Iranian PhD students remain in limbo due to Australian visa delays despite securing scholarships,2023-01-14T19:00:15Z,-0.2411,negative,visa processing
Pacific Islander workers making as little as $200 a week in Australia seek protection visas for better pay,2023-07-22T20:00:21Z,0.3612,neutral,migration policy
Pacific Islander workers making as little as $200 a week in Australia seek protection visas for better pay,2023-07-22T20:00:21Z,0.3612,neutral,social policy
With the latest visa decision I hope we’re done with a mean-spirited period in Australian history | Zaki Haidari,2023-02-13T05:56:41Z,0.4404,neutral,visa application
With the latest visa decision I hope we’re done with a mean-spirited period in Australian history | Zaki Haidari,2023-02-13T05:56:41Z,0.4404,neutral,key individuals
Trial of Hong Kong tycoon Jimmy Lai delayed after British lawyer denied visa extension,2022-12-13T05:17:07Z,-0.5859,negative,key individuals
Trial of Hong Kong tycoon Jimmy Lai delayed after British lawyer denied visa extension,2022-12-13T05:17:07Z,-0.5859,negative,key individuals
Sudanese Australians call for emergency visas to help loved ones escape worsening conflict,2023-05-03T04:41:17Z,0.1027,negative,migration policy
Sudanese Australians call for emergency visas to help loved ones escape worsening conflict,2023-05-03T04:41:17Z,0.1027,negative,emergency visas
Tennis star Novak Djokovic to be granted visa to play in Australian Open ,2022-11-15T05:46:20Z,0.5267,positive,key individuals
My first umpiring gig for a local cricket club has been a welcome distraction from waiting for a family visa | Shadi Khan Saif,2023-03-13T14:00:21Z,0.1027,neutral,community events
My first umpiring gig for a local cricket club has been a welcome distraction from waiting for a family visa | Shadi Khan Saif,2023-03-13T14:00:21Z,0.1027,neutral,family visa
"Daryl Maguire, former MP and ex-partner of Gladys Berejiklian, charged over alleged visa fraud",2022-11-29T05:40:02Z,-0.6808,negative,key individuals
"Daryl Maguire, former MP and ex-partner of Gladys Berejiklian, charged over alleged visa fraud",2022-11-29T05:40:02Z,-0.6808,negative,family visa
"Daryl Maguire, former MP and ex-partner of Gladys Berejiklian, charged over alleged visa fraud",2022-11-29T05:40:02Z,-0.6808,negative,key individuals
"Daryl Maguire, former MP and ex-partner of Gladys Berejiklian, charged over alleged visa fraud",2022-11-29T05:40:02Z,-0.6808,negative,controversies
"Australia’s post-pandemic surge in net overseas migration temporary, federal budget predicts",2023-05-09T15:00:48Z,0.0,neutral,economy
"Australia’s post-pandemic surge in net overseas migration temporary, federal budget predicts",2023-05-09T15:00:48Z,0.0,neutral,migration policy
"Australia’s post-pandemic surge in net overseas migration temporary, federal budget predicts",2023-05-09T15:00:48Z,0.0,neutral,government policy
‘Putting their lives on hold’: Australian families kept apart as wait times for partner visas blow out ,2023-04-23T15:00:42Z,0.0,neutral,family visa
‘Putting their lives on hold’: Australian families kept apart as wait times for partner visas blow out ,2023-04-23T15:00:42Z,0.0,neutral,family visa
Labor’s refusal to grant visa to people smuggler challenged in high court,2022-08-09T05:02:38Z,-0.25,negative,government policy
Labor’s refusal to grant visa to people smuggler challenged in high court,2022-08-09T05:02:38Z,-0.25,negative,controversies
Labor’s refusal to grant visa to people smuggler challenged in high court,2022-08-09T05:02:38Z,-0.25,negative,high court
Sorrow turns to anger over ‘disgusting’ Australian visa cancellation for New Zealand-born father,2022-09-18T17:30:20Z,-0.7964,negative,visa application cancellation
Sorrow turns to anger over ‘disgusting’ Australian visa cancellation for New Zealand-born father,2022-09-18T17:30:20Z,-0.7964,negative,new zealand
Reports EU set to suspend visa travel agreement with Russia – as it happened,2022-08-28T19:23:47Z,0.2263,negative,international relations
Reports EU set to suspend visa travel agreement with Russia – as it happened,2022-08-28T19:23:47Z,0.2263,negative,visa-related
"Morning mail: visa backlog’s human impact, Putin’s army plan, Dutton denounces ‘witch-hunt’",2022-08-25T20:50:18Z,-0.4404,negative,visa processing
Dutton readies budget reply as Chalmers links migration cut to inflation fight ,2024-05-15T15:00:43Z,-0.5719,negative,key individuals
Dutton readies budget reply as Chalmers links migration cut to inflation fight ,2024-05-15T15:00:43Z,-0.5719,negative,migration policy
Dutton readies budget reply as Chalmers links migration cut to inflation fight ,2024-05-15T15:00:43Z,-0.5719,negative,economy
‘I can never feel settled’: wait time for key Australian work visa more than doubles,2022-09-29T17:30:17Z,0.0,neutral,work visa
"Morning mail: Afghan refugee visa limbo, Turnbull backs voice, Olivia Newton-John’s best",2022-08-14T21:00:42Z,0.6124,neutral,controversies
"Coalition to campaign on balancing housing construction and migration, says Andrew Bragg",2024-04-30T08:01:19Z,0.0,neutral,key individuals
Australian visa backlog keeping engineers out of country amid skills shortage,2022-06-09T17:30:37Z,-0.25,negative,visa processing
Australian visa backlog keeping engineers out of country amid skills shortage,2022-06-09T17:30:37Z,-0.25,negative,employment
Former Sri Lanka president Gotabaya Rajapaksa turns up in Thailand after Singapore visa expires,2022-08-11T23:19:07Z,0.0,neutral,key individuals
Former Sri Lanka president Gotabaya Rajapaksa turns up in Thailand after Singapore visa expires,2022-08-11T23:19:07Z,0.0,neutral,visitovisa application
From working holidaymakers to family reunion – five key changes to Australian migration,2023-04-27T02:31:40Z,0.0,neutral,family visa
From working holidaymakers to family reunion – five key changes to Australian migration,2023-04-27T02:31:40Z,0.0,neutral,migration policy
From working holidaymakers to family reunion – five key changes to Australian migration,2023-04-27T02:31:40Z,0.0,neutral,migration policy
Afghan nationals in Australia fear for loved ones in grim wait for split-family visas,2022-12-05T14:00:43Z,-0.4588,negative,refugee visa
Afghan nationals in Australia fear for loved ones in grim wait for split-family visas,2022-12-05T14:00:43Z,-0.4588,negative,family visa
Man who had Australian visa cancelled challenges government’s ability to keep evidence secret,2022-06-07T08:47:16Z,0.1531,negative,visa application
Man who had Australian visa cancelled challenges government’s ability to keep evidence secret,2022-06-07T08:47:16Z,0.1531,negative,government policy
Australian teen strip-searched and held in US jail for 10 days after being denied common visa waiver,2022-09-04T17:30:04Z,-0.4404,negative,key events
Australian teen strip-searched and held in US jail for 10 days after being denied common visa waiver,2022-09-04T17:30:04Z,-0.4404,negative,visa-related
"Visa application backlog risks causing ‘human misery and economic carnage’ due to understaffing, says Labor MP",2022-07-20T17:30:26Z,-0.7003,negative,visa processing
"Visa application backlog risks causing ‘human misery and economic carnage’ due to understaffing, says Labor MP",2022-07-20T17:30:26Z,-0.7003,negative,controversies
"Visa application backlog risks causing ‘human misery and economic carnage’ due to understaffing, says Labor MP",2022-07-20T17:30:26Z,-0.7003,negative,economy
"Visa application backlog risks causing ‘human misery and economic carnage’ due to understaffing, says Labor MP",2022-07-20T17:30:26Z,-0.7003,negative,government policy
Labor defends agricultural visa scheme as farmers brace for minimum wage rise,2022-04-26T17:30:05Z,0.0,neutral,agriculture visa
Labor defends agricultural visa scheme as farmers brace for minimum wage rise,2022-04-26T17:30:05Z,0.0,neutral,work visa
Labor defends agricultural visa scheme as farmers brace for minimum wage rise,2022-04-26T17:30:05Z,0.0,neutral,economy
Monday briefing: Novak Djokovic in visa court victory,2022-01-10T06:33:25Z,0.0,neutral,key individuals
Monday briefing: Novak Djokovic in visa court victory,2022-01-10T06:33:25Z,0.0,neutral,visa application
Murugappan family to return to Biloela on bridging visas,2022-05-27T05:36:07Z,0.0,neutral,key individuals
Novak Djokovic leaves Australia after court upholds visa cancellation,2022-01-16T11:46:34Z,0.0,neutral,key individuals
Novak Djokovic leaves Australia after court upholds visa cancellation,2022-01-16T11:46:34Z,0.0,neutral,visa application
"Australia’s ‘broken’ migration system leaves 1.8m workers ‘permanently temporary’, review finds",2023-04-26T15:00:05Z,0.0,neutral,migration policy
"Australia’s ‘broken’ migration system leaves 1.8m workers ‘permanently temporary’, review finds",2023-04-26T15:00:05Z,0.0,neutral,employment
"Australia’s ‘broken’ migration system leaves 1.8m workers ‘permanently temporary’, review finds",2023-04-26T15:00:05Z,0.0,neutral,migration policy
Novak Djokovic: Australia sparks diplomatic row with visa cancellation,2022-01-06T02:35:01Z,0.0,neutral,key individuals
Novak Djokovic: Australia sparks diplomatic row with visa cancellation,2022-01-06T02:35:01Z,0.0,neutral,international relations
Novak Djokovic: Australia sparks diplomatic row with visa cancellation,2022-01-06T02:35:01Z,0.0,neutral,visa cancellation
Labor would deport visa holders convicted of crimes but tweak rules to ease New Zealand tensions,2022-05-19T17:30:02Z,-0.0772,negative,controversies
Labor would deport visa holders convicted of crimes but tweak rules to ease New Zealand tensions,2022-05-19T17:30:02Z,-0.0772,negative,migration policy
Labor would deport visa holders convicted of crimes but tweak rules to ease New Zealand tensions,2022-05-19T17:30:02Z,-0.0772,negative,international relations
‘Got your visa?’: Victoria’s coastal enclave of Rye is holding fast to its barefoot roots,2022-04-23T20:00:03Z,0.0,neutral,regional visa
‘Got your visa?’: Victoria’s coastal enclave of Rye is holding fast to its barefoot roots,2022-04-23T20:00:03Z,0.0,neutral,community events
"Djokovic case exposes ‘dysfunctional and dangerous’ Australian visa rules, experts say",2022-01-17T03:45:08Z,-0.128,negative,controversies
"Djokovic case exposes ‘dysfunctional and dangerous’ Australian visa rules, experts say",2022-01-17T03:45:08Z,-0.128,negative,controversies
Novak Djokovic wins appeal against decision to cancel his Australian visa,2022-01-10T06:44:26Z,0.4019,negative,key individuals
Novak Djokovic wins appeal against decision to cancel his Australian visa,2022-01-10T06:44:26Z,0.4019,negative,visa application
Labor urged to improve work rights for people on bridging visas amid skilled migration push,2022-08-31T17:30:32Z,0.4404,neutral,employment
Labor urged to improve work rights for people on bridging visas amid skilled migration push,2022-08-31T17:30:32Z,0.4404,neutral,employment
Serbian president decries Novak Djokovic ‘harassment’ amid reaction to visa cancellation,2022-01-06T16:20:28Z,0.0,neutral,international relations
Serbian president decries Novak Djokovic ‘harassment’ amid reaction to visa cancellation,2022-01-06T16:20:28Z,0.0,neutral,visa cancellation
International borders reopening: Australian visa holders make plans to reunite with loved ones,2022-02-08T16:30:28Z,0.5994,positive,visa-related
Albanese government to radically streamline migration with three-tiered system for skilled workers,2023-04-27T07:40:36Z,0.0,neutral,albanese government
Albanese government to radically streamline migration with three-tiered system for skilled workers,2023-04-27T07:40:36Z,0.0,neutral,migration policy
Albanese government to radically streamline migration with three-tiered system for skilled workers,2023-04-27T07:40:36Z,0.0,neutral,employment
Novak Djokovic awaits Australia visa ruling after lawyers debate his vaccination views,2022-01-16T04:40:34Z,0.0772,neutral,key individuals
Novak Djokovic awaits Australia visa ruling after lawyers debate his vaccination views,2022-01-16T04:40:34Z,0.0772,neutral,legal issues
"Morrison government dragging out Djokovic visa saga ‘as a distraction’, Labor says",2022-01-14T06:21:44Z,0.0,neutral,government policy
"Morrison government dragging out Djokovic visa saga ‘as a distraction’, Labor says",2022-01-14T06:21:44Z,0.0,neutral,key events saga
"Morrison government dragging out Djokovic visa saga ‘as a distraction’, Labor says",2022-01-14T06:21:44Z,0.0,neutral,government policy
Aged care staff locked out of Australia due to government’s bridging visa stance,2022-02-02T16:30:28Z,0.4939,neutral,employment
Aged care staff locked out of Australia due to government’s bridging visa stance,2022-02-02T16:30:28Z,0.4939,neutral,visa policy
Labor helps Coalition pass its visa cancellation character test bill in the lower house,2022-02-16T04:15:54Z,0.1027,negative,government policy
Labor helps Coalition pass its visa cancellation character test bill in the lower house,2022-02-16T04:15:54Z,0.1027,negative,visa policy
Underfire Tennis Australia boss Craig Tiley refuses to resign over Djokovic visa saga,2022-01-20T09:43:25Z,-0.34,negative,key individuals
Underfire Tennis Australia boss Craig Tiley refuses to resign over Djokovic visa saga,2022-01-20T09:43:25Z,-0.34,negative,key events saga
Locked-out New Zealanders outraged as visa scheme for rich foreigners resumes,2021-12-24T00:02:58Z,0.0258,negative,new zealanders
Locked-out New Zealanders outraged as visa scheme for rich foreigners resumes,2021-12-24T00:02:58Z,0.0258,negative,visa policy
Locked-out New Zealanders outraged as visa scheme for rich foreigners resumes,2021-12-24T00:02:58Z,0.0258,negative,investment visa
Dfat bungle delayed visas for former Afghan embassy employees at risk from Taliban,2022-07-01T20:00:25Z,-0.4588,negative,controversies
Dfat bungle delayed visas for former Afghan embassy employees at risk from Taliban,2022-07-01T20:00:25Z,-0.4588,negative,key individuals
Novak Djokovic: Liberal MPs divided over whether Australian government should again cancel visa,2022-01-10T23:38:13Z,-0.25,negative,key individuals
Novak Djokovic: Liberal MPs divided over whether Australian government should again cancel visa,2022-01-10T23:38:13Z,-0.25,negative,government policy
Novak Djokovic: Liberal MPs divided over whether Australian government should again cancel visa,2022-01-10T23:38:13Z,-0.25,negative,australian government
Novak Djokovic to remain in detention during court challenge to Australian visa cancellation,2022-01-06T08:50:52Z,-0.296,negative,key individuals
Novak Djokovic to remain in detention during court challenge to Australian visa cancellation,2022-01-06T08:50:52Z,-0.296,negative,court challenge
Novak Djokovic to remain in detention during court challenge to Australian visa cancellation,2022-01-06T08:50:52Z,-0.296,negative,visa application cancellation
Migration rebound slowed by Australians leaving the country since borders reopened,2022-08-21T17:30:15Z,0.0,neutral,
‘Profound anxiety’ for visa holders locked out of Australia despite border reopening,2021-12-08T16:30:47Z,0.0,neutral,social policy
‘Profound anxiety’ for visa holders locked out of Australia despite border reopening,2021-12-08T16:30:47Z,0.0,neutral,visa-related
Hong Kong denies visa to Economist journalist in latest media blow,2021-11-13T07:16:52Z,-0.4215,negative,international relations
Hong Kong denies visa to Economist journalist in latest media blow,2021-11-13T07:16:52Z,-0.4215,negative,key individuals
Hong Kong denies visa to Economist journalist in latest media blow,2021-11-13T07:16:52Z,-0.4215,negative,news
Novak Djokovic visa: Australian minister Alex Hawke says risk of ‘civil unrest’ behind cancellation,2022-01-15T04:38:43Z,-0.2732,negative,key individualsn minister key individuals
Novak Djokovic visa: Australian minister Alex Hawke says risk of ‘civil unrest’ behind cancellation,2022-01-15T04:38:43Z,-0.2732,negative,social policy
Novak Djokovic included in delayed Australian Open draw as wait on visa decision continues,2022-01-13T06:02:02Z,-0.2263,negative,key individuals
Novak Djokovic included in delayed Australian Open draw as wait on visa decision continues,2022-01-13T06:02:02Z,-0.2263,negative,visa policy
"Refugee advocates want review of minister’s ‘godlike’ powers, as Djokovic waits on visa verdict",2022-01-13T00:48:52Z,0.2263,neutral,refugee advocates
"Refugee advocates want review of minister’s ‘godlike’ powers, as Djokovic waits on visa verdict",2022-01-13T00:48:52Z,0.2263,neutral,government policy
"Refugee advocates want review of minister’s ‘godlike’ powers, as Djokovic waits on visa verdict",2022-01-13T00:48:52Z,0.2263,neutral,key individuals
"Refugee advocates want review of minister’s ‘godlike’ powers, as Djokovic waits on visa verdict",2022-01-13T00:48:52Z,0.2263,neutral,visa policy
Craig Tiley privately praises staff for ‘unbelievable job’ as Djokovic visa saga drags on,2022-01-08T05:00:14Z,0.4019,neutral,key individuals
Craig Tiley privately praises staff for ‘unbelievable job’ as Djokovic visa saga drags on,2022-01-08T05:00:14Z,0.4019,neutral,employment
Craig Tiley privately praises staff for ‘unbelievable job’ as Djokovic visa saga drags on,2022-01-08T05:00:14Z,0.4019,neutral,employment
Craig Tiley privately praises staff for ‘unbelievable job’ as Djokovic visa saga drags on,2022-01-08T05:00:14Z,0.4019,neutral,controversies
‘Every day I am fearful’: Afghans with Australian visas wait in limbo a year after the fall of Kabul,2022-08-14T17:30:17Z,0.0,neutral,asylum policy
‘Every day I am fearful’: Afghans with Australian visas wait in limbo a year after the fall of Kabul,2022-08-14T17:30:17Z,0.0,neutral,visa applications
‘Every day I am fearful’: Afghans with Australian visas wait in limbo a year after the fall of Kabul,2022-08-14T17:30:17Z,0.0,neutral,asylum policy
Novak Djokovic visa cancelled: why is the tennis star being kicked out of Australia? ,2022-01-07T01:09:30Z,-0.25,negative,key individuals
Novak Djokovic visa cancelled: why is the tennis star being kicked out of Australia? ,2022-01-07T01:09:30Z,-0.25,negative,key individuals
Beijing criticises UK for creating ‘second-class citizens’ with Hong Kong visa scheme,2021-12-16T04:34:58Z,-0.0258,negative,international relations
Beijing criticises UK for creating ‘second-class citizens’ with Hong Kong visa scheme,2021-12-16T04:34:58Z,-0.0258,negative,social policy
Beijing criticises UK for creating ‘second-class citizens’ with Hong Kong visa scheme,2021-12-16T04:34:58Z,-0.0258,negative,hong kong visa policy
‘I’m beyond devastated’: Sydney woman on bridging visa denied exemption to travel to UK funeral,2022-01-23T16:30:27Z,-0.6597,negative,key individuals
‘I’m beyond devastated’: Sydney woman on bridging visa denied exemption to travel to UK funeral,2022-01-23T16:30:27Z,-0.6597,negative,community events
Australia to let in vaccinated visa holders but tourists have to wait,2021-11-22T04:15:20Z,0.0,neutral,visa-related
"‘Stuck in limbo-land’: restrictions keep bridging visa holders trapped in, and out, of Australia",2022-01-20T16:30:06Z,-0.5267,negative,asylum policy
"‘Stuck in limbo-land’: restrictions keep bridging visa holders trapped in, and out, of Australia",2022-01-20T16:30:06Z,-0.5267,negative,visa-related
"Nearly 1,400 Afghans granted emergency visas never made it to Australia",2022-04-05T09:21:47Z,-0.1531,negative,emergency visas
Australia is reopening but thousands of humanitarian visa holders remain stranded overseas,2021-11-17T03:41:38Z,0.0,neutral,social policy
"Australia has become a ‘guest worker state’ exploiting temporary visa holders, report reveals",2021-12-01T16:30:02Z,-0.4404,negative,temporary migration
"Australia has become a ‘guest worker state’ exploiting temporary visa holders, report reveals",2021-12-01T16:30:02Z,-0.4404,negative,temporary migration
Harvest looms but doubts remain about Australia’s promised agricultural visa,2021-09-22T17:30:27Z,0.0387,negative,agriculture visa
Harvest looms but doubts remain about Australia’s promised agricultural visa,2021-09-22T17:30:27Z,0.0387,negative,agriculture visa
‘Not without my partner’: refugees forced to choose between family in Australia and chance of US visa,2022-02-03T16:30:00Z,-0.25,negative,asylum policy
Australia offers visa fee refund to lure international workers and students as Morrison defends handling of pandemic,2022-01-19T07:35:45Z,0.0,neutral,visa policy
Australia offers visa fee refund to lure international workers and students as Morrison defends handling of pandemic,2022-01-19T07:35:45Z,0.0,neutral,employment
"Trapped in travel limbo for years, visa holders consider giving up Australia to see family",2021-12-01T23:08:50Z,-0.25,negative,visa policy
"Trapped in travel limbo for years, visa holders consider giving up Australia to see family",2021-12-01T23:08:50Z,-0.25,negative,visa policy
"Morning mail: visa holders’ travel limbo, Jenkins review action urged, ",2021-12-01T19:48:32Z,0.0,neutral,visa policy
"Migration to Australia set to rebound to pre-pandemic levels, report finds",2023-01-02T14:00:18Z,0.0,neutral,economy
New Zealand stops taking visa applications from Afghans who assisted troops,2021-08-26T02:01:37Z,-0.1531,negative,international relations
New Zealand stops taking visa applications from Afghans who assisted troops,2021-08-26T02:01:37Z,-0.1531,negative,visa application
Novak Djokovic’s mother claims tennis star subjected to ‘torture’ after he wins visa court battle – as it happened,2022-01-10T15:03:48Z,0.2732,negative,key individuals
Novak Djokovic’s mother claims tennis star subjected to ‘torture’ after he wins visa court battle – as it happened,2022-01-10T15:03:48Z,0.2732,negative,visa policy
"Visas for international graduates could help solve worker shortage, think tank says",2022-03-21T16:30:30Z,0.3612,negative,education
"Visas for international graduates could help solve worker shortage, think tank says",2022-03-21T16:30:30Z,0.3612,negative,employment
As Australia’s economy recovers what must not return is the wage theft and abuse of short-term visa holders | Greg Jericho,2022-01-19T16:30:11Z,-0.6369,negative,economy
As Australia’s economy recovers what must not return is the wage theft and abuse of short-term visa holders | Greg Jericho,2022-01-19T16:30:11Z,-0.6369,negative,employment
As Australia’s economy recovers what must not return is the wage theft and abuse of short-term visa holders | Greg Jericho,2022-01-19T16:30:11Z,-0.6369,negative,temporary migration
NSW bans singing and dancing in venues and suspends elective surgery; Coalition defends Djokovic visa decision – As it happened,2022-01-07T07:37:16Z,0.0,neutral,government policy
NSW bans singing and dancing in venues and suspends elective surgery; Coalition defends Djokovic visa decision – As it happened,2022-01-07T07:37:16Z,0.0,neutral,controversies
Australian Christian Lobby criticises Scott Morrison for saying Ukrainians at ‘top of pile’ for visas,2022-03-02T16:30:44Z,-0.296,negative,controversies
Senate blocks visa cancellation bill as Labor accuses Coalition of backing out of bipartisan deal,2021-10-20T02:41:51Z,-0.4939,negative,visa policy
Senate blocks visa cancellation bill as Labor accuses Coalition of backing out of bipartisan deal,2021-10-20T02:41:51Z,-0.4939,negative,labor accuses coalition
Australians found to overwhelmingly support path to permanent residency for migrants on temporary visas,2022-02-01T16:30:02Z,0.296,neutral,migration policy
Australians found to overwhelmingly support path to permanent residency for migrants on temporary visas,2022-02-01T16:30:02Z,0.296,neutral,permanent residency
Australians found to overwhelmingly support path to permanent residency for migrants on temporary visas,2022-02-01T16:30:02Z,0.296,neutral,temporary migration
"Australia should grant temporary visas for all jobs earning over $70,000, report says",2022-03-15T16:30:07Z,0.3612,neutral,temporary migration
Judge orders New Zealand man who had visa revoked by Peter Dutton to be freed from detention,2021-11-19T08:11:30Z,0.0516,negative,legal issues
Judge orders New Zealand man who had visa revoked by Peter Dutton to be freed from detention,2021-11-19T08:11:30Z,0.0516,negative,key individuals
Judge orders New Zealand man who had visa revoked by Peter Dutton to be freed from detention,2021-11-19T08:11:30Z,0.0516,negative,key individuals
"Australia fast-tracked visas for Afghan army officers after warning of negative publicity, documents show",2022-03-28T22:30:06Z,-0.7269,negative,key individuals
"Australia fast-tracked visas for Afghan army officers after warning of negative publicity, documents show",2022-03-28T22:30:06Z,-0.7269,negative,controversies
"Peter Dutton’s migration cuts would cost budget $34bn over coming decades, thinktank calculates",2024-05-20T07:06:22Z,-0.296,negative,key individuals
"Peter Dutton’s migration cuts would cost budget $34bn over coming decades, thinktank calculates",2024-05-20T07:06:22Z,-0.296,negative,economy
"Peter Dutton’s migration cuts would cost budget $34bn over coming decades, thinktank calculates",2024-05-20T07:06:22Z,-0.296,negative,migration policy
Afternoon Update: Taylor and Dutton at odds on migration; ‘Diddy’ faces new lawsuit; and Kiwi fined for trying to ‘body slam’ an orca,2024-05-22T07:02:17Z,-0.2263,negative,news
Afternoon Update: Taylor and Dutton at odds on migration; ‘Diddy’ faces new lawsuit; and Kiwi fined for trying to ‘body slam’ an orca,2024-05-22T07:02:17Z,-0.2263,negative,migration policy
Afternoon Update: Taylor and Dutton at odds on migration; ‘Diddy’ faces new lawsuit; and Kiwi fined for trying to ‘body slam’ an orca,2024-05-22T07:02:17Z,-0.2263,negative,legal issues
Afternoon Update: Taylor and Dutton at odds on migration; ‘Diddy’ faces new lawsuit; and Kiwi fined for trying to ‘body slam’ an orca,2024-05-22T07:02:17Z,-0.2263,negative,key events
O’Neil says migration system ‘broken’ – as it happened,2023-02-22T07:10:48Z,0.0,neutral,key individuals
O’Neil says migration system ‘broken’ – as it happened,2023-02-22T07:10:48Z,0.0,neutral,migration system
Albanese to welcome Chris Hipkins amid migration overhaul – as it happened,2023-04-22T06:23:35Z,0.4588,neutral,key individuals
Albanese to welcome Chris Hipkins amid migration overhaul – as it happened,2023-04-22T06:23:35Z,0.4588,neutral,migration policy
Guardian Essential poll: majority of Australians support rent freezes and migration cap amid housing crisis,2023-05-29T15:00:04Z,-0.3612,negative,economy
Guardian Essential poll: majority of Australians support rent freezes and migration cap amid housing crisis,2023-05-29T15:00:04Z,-0.3612,negative,economy
Guardian Essential poll: majority of Australians support rent freezes and migration cap amid housing crisis,2023-05-29T15:00:04Z,-0.3612,negative,migration policy
"Morning Mail: migration system is ‘broken’, Donald Trump accused of rape, Sydney’s ‘latte line’ deepens",2023-04-26T21:01:41Z,-0.7845,negative,migration system
"Morning Mail: migration system is ‘broken’, Donald Trump accused of rape, Sydney’s ‘latte line’ deepens",2023-04-26T21:01:41Z,-0.7845,negative,key individuals
"Morning Mail: migration system is ‘broken’, Donald Trump accused of rape, Sydney’s ‘latte line’ deepens",2023-04-26T21:01:41Z,-0.7845,negative,controversies
Budget reply speech 2023: Peter Dutton withholds support for jobseeker boost and doubles down on migration attacks,2023-05-11T10:31:01Z,0.3612,negative,government policy
Budget reply speech 2023: Peter Dutton withholds support for jobseeker boost and doubles down on migration attacks,2023-05-11T10:31:01Z,0.3612,negative,key individuals
Budget reply speech 2023: Peter Dutton withholds support for jobseeker boost and doubles down on migration attacks,2023-05-11T10:31:01Z,0.3612,negative,employment
Budget reply speech 2023: Peter Dutton withholds support for jobseeker boost and doubles down on migration attacks,2023-05-11T10:31:01Z,0.3612,negative,migration policy
Unusual sightings of ‘devil bird’ across Melbourne raise migration mysteries for researchers,2023-01-25T14:00:23Z,0.0,neutral,community events
Unusual sightings of ‘devil bird’ across Melbourne raise migration mysteries for researchers,2023-01-25T14:00:23Z,0.0,neutral,community events
Unusual sightings of ‘devil bird’ across Melbourne raise migration mysteries for researchers,2023-01-25T14:00:23Z,0.0,neutral,migration policy
"Increased migration must come with planning and expanded services, councils say",2022-09-02T07:46:00Z,0.2732,neutral,government policy
Daniel Andrews backs federal plan to boost migration – as it happened,2022-08-14T07:56:26Z,0.3612,neutral,key individuals
Daniel Andrews backs federal plan to boost migration – as it happened,2022-08-14T07:56:26Z,0.3612,neutral,government policy
Labor vows to prioritise Australian jobs as it eyes migration boost ,2022-08-14T08:17:29Z,0.4019,neutral,government policy
Labor vows to prioritise Australian jobs as it eyes migration boost ,2022-08-14T08:17:29Z,0.4019,neutral,employment
Labor vows to prioritise Australian jobs as it eyes migration boost ,2022-08-14T08:17:29Z,0.4019,neutral,migration policy
"Business lobby calls to open temporary skilled migration to all jobs earning more than $90,000",2022-08-26T20:00:02Z,0.0258,neutral,economy
"Business lobby calls to open temporary skilled migration to all jobs earning more than $90,000",2022-08-26T20:00:02Z,0.0258,neutral,work visa
"Refugee children handed anti-‘illegal migration’ playing cards, Australian charity says",2022-05-25T17:30:43Z,0.5574,positive,refugee visa
"Refugee children handed anti-‘illegal migration’ playing cards, Australian charity says",2022-05-25T17:30:43Z,0.5574,positive,controversies
"Refugee children handed anti-‘illegal migration’ playing cards, Australian charity says",2022-05-25T17:30:43Z,0.5574,positive,key events
Understaffed sectors join NSW and Victorian premiers in calling for improved skill migration,2022-06-02T17:30:06Z,0.6486,positive,government policy
Understaffed sectors join NSW and Victorian premiers in calling for improved skill migration,2022-06-02T17:30:06Z,0.6486,positive,skilled migration
New clues shed light on ‘pivotal’ moment in the great Pacific migration,2022-04-22T20:00:34Z,0.6249,positive,migration policy
New clues shed light on ‘pivotal’ moment in the great Pacific migration,2022-04-22T20:00:34Z,0.6249,positive,key events
New clues shed light on ‘pivotal’ moment in the great Pacific migration,2022-04-22T20:00:34Z,0.6249,positive,migration policy
Former federal Labor MP Craig Thomson charged over alleged migration fraud,2021-11-17T02:59:26Z,-0.6808,negative,government policy
Former federal Labor MP Craig Thomson charged over alleged migration fraud,2021-11-17T02:59:26Z,-0.6808,negative,migration fraud
Former Labor MP Craig Thomson granted bail after being charged over alleged migration fraud,2021-11-18T06:14:58Z,-0.5574,negative,government policy
Former Labor MP Craig Thomson granted bail after being charged over alleged migration fraud,2021-11-18T06:14:58Z,-0.5574,negative,migration fraud
Cathedral bells ring out as New Zealand welcomes godwits after longest migration,2021-09-22T20:00:28Z,0.4019,neutral,news
Cathedral bells ring out as New Zealand welcomes godwits after longest migration,2021-09-22T20:00:28Z,0.4019,neutral,migration policy
Cathedral bells ring out as New Zealand welcomes godwits after longest migration,2021-09-22T20:00:28Z,0.4019,neutral,migration policy
Migration firm investigated over ads promising Vanuatu passports,2021-02-03T19:00:13Z,0.4019,neutral,migration policy
Migration firm investigated over ads promising Vanuatu passports,2021-02-03T19:00:13Z,0.4019,neutral,migration policy
"Prioritise skilled migrants over some returning Australians, migration committee advises",2021-03-18T07:04:12Z,0.0,neutral,skilled migration
"Prioritise skilled migrants over some returning Australians, migration committee advises",2021-03-18T07:04:12Z,0.0,neutral,migration policy
Orange-bellied parrots leave Tasmania in biggest ever numbers for annual migration,2021-04-22T07:57:08Z,-0.0516,negative,migration policy
Three members of Biloela family granted temporary bridging visas,2021-06-23T06:44:35Z,0.25,neutral,key individuals
Labor accuses Coalition of playing politics with ‘women and children’s lives’ in pushing visa cancellation bill,2021-10-14T16:30:07Z,-0.1531,negative,labor accuses coalition
Labor accuses Coalition of playing politics with ‘women and children’s lives’ in pushing visa cancellation bill,2021-10-14T16:30:07Z,-0.1531,negative,visa cancellation bill
